{"Time & Date of creation: ": "18/04/2024 14:20:31", "Chosen Coordinates: ": [[444211.62136772694, 6445218.479004319], [444214.35094335064, 6445412.753082828], [444461.9156997191, 6445409.2824532585], [444459.19823859417, 6445215.008270596], [444211.62136772694, 6445218.479004319]], "Config Options Used: ": {"label_source": "WMS", "orto_source": "COG", "data_parameters": ["100", "0", "100"], "layers": ["Bygning", "Veg", "Bru"], "colors": ["#563d7c", "#563d7c", "#563d7c"], "tile_size": 400, "image_resolution": 0.2, "email": "cassvaar@gmail.com", "dataset_name": "datasettnavn"}, "Training Tiles Generated": 12, "Label Tiles Generated": 6}