{"Time & Date of creation: ": "09/04/2024 10:26:00", "Chosen Coordinates: ": [[444413.0953870133, 6445531.6346280575], [444416.1330821394, 6445748.598339919], [444637.1542779647, 6445745.509957367], [444634.12866300886, 6445528.546141972], [444413.0953870133, 6445531.6346280575]], "Config Options Used: ": {"label_source": "WMS", "orto_source": "WMS", "data_parameters": ["100", "0", "80"], "layers": ["Bygning", "Veg", "Bru"], "colors": ["#563d7c", "#563d7c", "#563d7c"], "tile_size": 500, "image_resolution": 0.2, "email": "cassvaar@gmail.com", "dataset_name": "datasettTest"}, "Training Tiles Generated": 4, "Label Tiles Generated": 4}