{"Time & Date of creation: ": "29/04/2024 10:13:56", "Chosen Coordinates: ": [[444429.0803160467, 6445771.100197596], [444434.3647713249, 6446148.6100816475], [444777.86027993716, 6446143.816543251], [444772.6084953664, 6445766.306379518], [444429.0803160467, 6445771.100197596]], "Config Options Used: ": {"label_source": "WMS", "orto_source": "COG", "data_parameters": ["90", "10", "1"], "layers": ["Bygning", "Veg", "Bru"], "colors": ["#563d7c", "#563d7c", "#563d7c"], "tile_size": 600, "image_resolution": 0.4, "email": "", "dataset_name": ""}, "Training Tiles Generated": 2, "Label Tiles Generated": 1}