{"Time & Date of creation: ": "18/04/2024 14:11:13", "Chosen Coordinates: ": [[444281.39673406567, 6445689.148484656], [444283.1316538815, 6445812.763927475], [444454.89394335094, 6445810.356977671], [444453.16437243536, 6445686.741488877], [444281.39673406567, 6445689.148484656]], "Config Options Used: ": {"label_source": "WMS", "orto_source": "COG", "data_parameters": ["100", "0", "100"], "layers": ["Bygning", "Veg", "Bru"], "colors": ["#563d7c", "#563d7c", "#563d7c"], "tile_size": 200, "image_resolution": 0.2, "email": "cassvaar@gmail.com", "dataset_name": "Mitt Datasett"}, "Training Tiles Generated": 24, "Label Tiles Generated": 12}